{"cameraMode":{"drawMode":0,"name":"Shaded","section":"Shading Mode"},"sceneLighting":false,"audioPlay":false,"sceneViewState":{"showFog":false,"showMaterialUpdate":false,"showSkybox":false,"showFlares":false,"showImageEffects":false,"showParticleSystems":false},"in2DMode":false,"pivot":{"x":-2.125159978866577,"y":2.668714761734009,"z":0.32591962814331057},"rotation":{"x":0.14438126981258393,"y":-0.09040699154138565,"z":0.013247007504105568,"w":0.9852982759475708},"size":1.200549840927124,"orthographic":false}