{"cameraMode":{"drawMode":0,"name":"Shaded","section":"Shading Mode"},"sceneLighting":false,"audioPlay":false,"sceneViewState":{"showFog":false,"showMaterialUpdate":false,"showSkybox":false,"showFlares":false,"showImageEffects":false,"showParticleSystems":false},"in2DMode":false,"pivot":{"x":-0.0006148219108581543,"y":2.0316176414489748,"z":0.02640620619058609},"rotation":{"x":0.31099486351013186,"y":0.09813550859689713,"z":-0.0323043167591095,"w":0.9447809457778931},"size":1.3296438455581666,"orthographic":false}