{"cameraMode":{"drawMode":0,"name":"Shaded","section":"Shading Mode"},"sceneLighting":false,"audioPlay":false,"sceneViewState":{"showFog":false,"showMaterialUpdate":false,"showSkybox":false,"showFlares":false,"showImageEffects":false,"showParticleSystems":false},"in2DMode":false,"pivot":{"x":0.049225807189941409,"y":2.5252676010131838,"z":-0.5252695083618164},"rotation":{"x":0.15877749025821687,"y":0.4255102574825287,"z":-0.07611244171857834,"w":0.8876619338989258},"size":1.200549840927124,"orthographic":false}